FirstName,DisplayName,Email
Daniel,'Daniel Adesina',wale4267@aol.com
Elle,'Elle Benge',hshears1972@yahoo.co.uk
Zoë,'Zoë Clough',jandrclough@ntlworld.com
Amelia,'Amelia Crow',Steve@mutronics.co.uk
Daisy,'Daisy Hales',Jennifer.ward10@yahoo.com
Joel,'Joel Johnson',arulsjohnson@yahoo.com
Ethan,'Ethan Schofield',esther_wambui_schofield@yahoo.co.uk
